{"cameraMode":{"drawMode":0,"name":"Shaded","section":"Shading Mode"},"sceneLighting":false,"audioPlay":false,"sceneViewState":{"m_AlwaysRefresh":false,"showFog":true,"showSkybox":false,"showFlares":true,"showImageEffects":true,"showParticleSystems":true,"showVisualEffectGraphs":true,"m_FxEnabled":true},"in2DMode":false,"pivot":{"x":-0.9789218902587891,"y":0.36577892303466799,"z":2.8328394889831545},"rotation":{"x":0.015433551743626595,"y":0.9840707182884216,"z":-0.10849686712026596,"w":0.13998304307460786},"size":3.5660252571105959,"orthographic":false}